county,share_white2000
1001,.80433792
1003,.86590564
1005,.50907332
1007,.7608481
1009,.92202812
1011,.23191227
1013,.57476223
1015,.78915697
1017,.61128759
1019,.92434883
1021,.85921514
1023,.55575556
1025,.55741453
1027,.81280237
1029,.93886423
1031,.76116198
1033,.8099224
1035,.55003017
1037,.64303297
1039,.85943204
1041,.73438913
1043,.95413756
1045,.73161149
1047,.36103725
1049,.90639645
1051,.76863235
1053,.64448547
1055,.83303708
1057,.86506438
1059,.86859137
1061,.86187053
1063,.18994392
1065,.40417907
1067,.66298109
1069,.73928219
1071,.9137879
1073,.62017435
1075,.86129063
1077,.88124484
1079,.781865
1081,.73325437
1083,.81908685
1085,.2606231
1087,.15206304
1089,.71882993
1091,.46584272
1093,.94121879
1095,.91065359
1097,.6684255
1099,.58439928
1101,.5197677
1103,.83955276
1105,.30827922
1107,.5686692
1109,.59590948
1111,.76553392
1113,.57437181
1115,.89534873
1117,.89470005
1119,.26085255
1121,.66520184
1123,.7338165
1125,.69796914
1127,.92004138
1129,.64467967
1131,.27655518
1133,.96899962
2013,.19317761
2016,.37733477
2020,.69845718
2050,.12419746
2060,.52146262
2068,.84521925
2070,.20430689
2090,.77028537
2100,.81939799
2105,.46488973
2110,.73360014
2122,.85192865
2130,.72743034
2150,.56890315
2164,.18760285
2170,.86269706
2180,.19180344
2185,.25449246
2188,.12155073
2195,.71780062
2198,.51015037
2220,.67340738
2230,.91415316
2240,.79300386
2261,.74810863
2270,.046955038
2275,.73998684
2282,.50247526
2290,.23982374
4001,.20897858
4003,.61772478
4005,.59339255
4007,.69662821
4009,.55892849
4011,.51487774
4012,.65899718
4013,.67265862
4015,.84650779
4017,.46766812
4019,.62111831
4021,.59442532
4023,.19021337
4025,.86579037
4027,.42011598
5001,.75110096
5003,.69363123
5005,.97110897
5007,.87539309
5009,.96927971
5011,.62388647
5013,.74208164
5015,.8776083
5017,.44030061
5019,.73880655
5021,.97566432
5023,.97268736
5025,.83970624
5027,.62945372
5029,.83493322
5031,.8852514
5033,.9079237
5035,.53279912
5037,.76637489
5039,.56424421
5041,.50190753
5043,.69815361
5045,.87733877
5047,.95316607
5049,.97297323
5051,.88210905
5053,.95134783
5055,.9685744
5057,.60179633
5059,.87764531
5061,.71454668
5063,.94189936
5065,.95943642
5067,.8015725
5069,.50600684
5071,.89771664
5073,.61725247
5075,.97350335
5077,.40670371
5079,.65053767
5081,.73985505
5083,.95756978
5085,.9138183
5087,.94453067
5089,.96954012
5091,.73893845
5093,.66589677
5095,.58578563
5097,.94573611
5099,.66448313
5101,.96811897
5103,.59455287
5105,.95048594
5107,.39878392
5109,.91306359
5111,.90832877
5113,.93147427
5115,.9262014
5117,.84624892
5119,.65494394
5121,.96494603
5123,.43900695
5125,.94755489
5127,.90503836
5129,.96775776
5131,.80264109
5133,.72179645
5135,.96399796
5137,.96452296
5139,.66900104
5141,.9603644
5143,.83975482
5145,.92624795
5147,.67426383
5149,.83580071
6001,.41723469
6003,.7177152
6005,.82482785
6007,.80006385
6009,.87077224
6011,.4678703
6013,.58215916
6015,.69946015
6017,.85573226
6019,.40972978
6021,.62483948
6023,.81465745
6025,.20731132
6027,.73859721
6029,.50175726
6031,.44130453
6033,.80537736
6035,.70270997
6037,.31793711
6039,.45641929
6041,.78679842
6043,.85261232
6045,.74790776
6047,.41478422
6049,.8125937
6051,.76343685
6053,.39734563
6055,.68394083
6057,.90200853
6059,.52251643
6061,.82924014
6063,.88604742
6065,.52267534
6067,.58354032
6069,.4629969
6071,.44599995
6073,.5554139
6075,.4361378
6077,.49172869
6079,.76883852
6081,.50144452
6083,.559861
6085,.44510874
6087,.64393103
6089,.8648181
6091,.90295357
6093,.83161634
6095,.49734682
6097,.7383104
6099,.57737327
6101,.60517663
6103,.78737319
6105,.86472684
6107,.42478174
6109,.87524486
6111,.56090522
6113,.5915069
6115,.64750463
8001,.65808076
8003,.5326314
8005,.74489403
8007,.80787712
8009,.90429175
8011,.63254416
8013,.8352809
8014,.83468622
8015,.87486786
8017,.90452713
8019,.94060117
8021,.39506337
8023,.28612959
8025,.6652773
8027,.94176418
8029,.85782272
8031,.52222258
8033,.92787421
8035,.89912295
8037,.74028945
8039,.93143427
8041,.76908332
8043,.81488454
8045,.8126635
8047,.92018759
8049,.93228698
8051,.9245702
8053,.96582276
8055,.61259186
8057,.9207356
8059,.85037953
8061,.94327992
8063,.82770437
8065,.61634028
8067,.82662261
8069,.87813359
8071,.56000298
8073,.84139442
8075,.83471137
8077,.86907315
8079,.95427197
8081,.88322109
8083,.77666259
8085,.82622403
8087,.67194742
8089,.59377706
8091,.93185461
8093,.92450523
8095,.86044049
8097,.90583247
8099,.66017091
8101,.60121793
8103,.92657375
8105,.57640791
8107,.94763577
8109,.55869251
8111,.91218638
8113,.90371251
8115,.86494356
8117,.86876595
8119,.92957938
8121,.92716682
8123,.72355872
8125,.86105478
9001,.7313273
9003,.73297608
9005,.94512558
9007,.89515132
9009,.74870157
9011,.8466177
9013,.91033047
9015,.8846215
10001,.73212552
10003,.71593541
10005,.78819931
11001,.28279811
12001,.70524615
12003,.83157122
12005,.83829355
12007,.75256288
12009,.83880979
12011,.57435203
12013,.78457004
12015,.90662384
12017,.92885047
12019,.85074699
12021,.74472392
12023,.78247297
12027,.60827506
12029,.87551212
12031,.65990287
12033,.71566492
12035,.81905633
12037,.79973084
12039,.36303675
12041,.88866359
12043,.67873049
12045,.78820372
12047,.55406004
12049,.54626316
12051,.43712762
12053,.89265054
12055,.77221441
12057,.65029734
12059,.89030337
12061,.82782733
12063,.69917285
12065,.58236396
12067,.74186498
12069,.84011239
12071,.82934475
12073,.64152193
12075,.83254784
12077,.74880522
12079,.56762487
12081,.81933188
12083,.81149971
12085,.86210197
12086,.21203309
12087,.77259898
12089,.89022839
12091,.81391358
12093,.71470159
12095,.59321523
12097,.61204761
12099,.71690279
12101,.89636242
12103,.82864743
12105,.75185895
12107,.76013762
12109,.89278805
12111,.7792846
12113,.89088392
12115,.90200686
12117,.75935984
12119,.80442441
12121,.81560749
12123,.77945912
12125,.72270715
12127,.82378221
12129,.83819252
12131,.88473123
12133,.80477577
13001,.75324076
13003,.62362498
13005,.79863691
13007,.46460858
13009,.55919546
13011,.9185881
13013,.83486122
13015,.86385328
13017,.62288064
13019,.85062087
13021,.52594328
13023,.74136281
13025,.93691415
13027,.57931733
13029,.82107592
13031,.67995685
13033,.4659538
13035,.68691534
13037,.3746762
13039,.73580754
13043,.63098669
13045,.80419236
13047,.95715481
13049,.68586624
13051,.57024103
13053,.55685908
13055,.85462421
13057,.90227169
13059,.6195448
13061,.3818886
13063,.36715749
13065,.6928615
13067,.69463181
13069,.65784407
13071,.65582353
13073,.8115747
13075,.67191947
13077,.76534975
13079,.72380632
13081,.53211522
13083,.9689492
13085,.96508658
13087,.5668748
13089,.33308637
13091,.68528497
13093,.44794819
13095,.3932403
13097,.75802022
13099,.5009892
13101,.7164287
13103,.83778441
13105,.66236007
13107,.62352109
13109,.61244512
13111,.97551912
13113,.82397038
13115,.8006624
13117,.92144781
13119,.89062393
13121,.49183503
13123,.9112708
13125,.90336466
13127,.70770437
13129,.86617851
13131,.63788813
13133,.5209524
13135,.69968218
13137,.84934658
13139,.72007143
13141,.21715541
13143,.92604953
13145,.78476399
13147,.78945392
13149,.87173384
13151,.80667067
13153,.71426499
13155,.71673387
13157,.87255806
13159,.69699174
13161,.78970987
13163,.42422843
13165,.55689919
13167,.61669177
13169,.74391592
13171,.67978179
13173,.70307922
13175,.64459151
13177,.8262251
13179,.44422933
13181,.63848627
13183,.64631993
13185,.62189555
13187,.92480421
13189,.59813225
13191,.60174096
13193,.36920309
13195,.88097829
13197,.59078956
13199,.56293458
13201,.69897336
13205,.49923423
13207,.70076609
13209,.68013602
13211,.69013739
13213,.92730945
13215,.52016979
13217,.75537628
13219,.88948369
13221,.78023833
13223,.90162897
13225,.51590109
13227,.95397222
13229,.85994369
13231,.83333629
13233,.78066403
13235,.61888301
13237,.69562542
13239,.52001542
13241,.93177485
13243,.38253471
13245,.45758426
13247,.72182709
13249,.65660506
13251,.53141093
13253,.60845
13255,.67184329
13257,.85516798
13259,.36271217
13261,.46899846
13263,.3676039
13265,.37891188
13267,.58921874
13269,.54977089
13271,.58065289
13273,.36817375
13275,.58873749
13277,.64456415
13279,.65873551
13281,.98288423
13283,.64858961
13285,.66235614
13287,.56814474
13289,.54606086
13291,.97428942
13293,.70125622
13295,.93912828
13297,.83498752
13299,.70466894
13301,.39209804
13303,.45425919
13305,.74834275
13307,.49477103
13309,.61925352
13311,.94281834
13313,.73043114
13315,.61272538
13317,.53700417
13319,.57742035
13321,.68324351
15001,.30692104
15003,.19463632
15005,.22448979
15007,.2798866
15009,.3148883
16001,.90974295
16003,.95430022
16005,.89650071
16007,.9665013
16009,.87804562
16011,.7925213
16013,.86856002
16015,.93283361
16017,.95592737
16019,.90482616
16021,.93197513
16023,.93342531
16025,.91826439
16027,.79482269
16029,.94857615
16031,.79646993
16033,.63894325
16035,.93764961
16037,.94426531
16039,.79614067
16041,.93669522
16043,.87525606
16045,.90625733
16047,.80345166
16049,.93417799
16051,.89548433
16053,.8082602
16055,.94419301
16057,.92865002
16059,.95464295
16061,.91272551
16063,.83456975
16065,.94112664
16067,.722148
16069,.90578538
16071,.96630305
16073,.71707499
16075,.84749806
16077,.74039632
16079,.94750702
16081,.86847806
16083,.87566668
16085,.9579345
16087,.82959908
17001,.94642174
17003,.63663548
17005,.89945138
17007,.86280847
17009,.7661258
17011,.9349218
17013,.9837501
17015,.95949829
17017,.8956663
17019,.77177113
17021,.95878583
17023,.98574054
17025,.98174649
17027,.9374907
17029,.94341362
17031,.49812174
17033,.92465574
17035,.98516589
17037,.85219765
17039,.97080153
17041,.9534955
17043,.7869249
17045,.96831274
17047,.98536378
17049,.98240381
17051,.93323201
17053,.97506815
17055,.98226655
17057,.96204525
17059,.97891062
17061,.97940665
17063,.94870627
17065,.97827756
17067,.9828645
17069,.9493764
17071,.97908753
17073,.94878435
17075,.94423884
17077,.79291528
17079,.98878729
17081,.89478314
17083,.97600782
17085,.9748739
17087,.84032303
17089,.69352341
17091,.80157334
17093,.90379465
17095,.88367742
17097,.74746203
17099,.9204067
17101,.97515959
17103,.90385813
17105,.90963322
17107,.90026838
17109,.91974509
17111,.89486033
17113,.87975681
17115,.83561343
17117,.97559416
17119,.90086395
17121,.93786097
17123,.97581577
17125,.98506892
17127,.9213438
17129,.98026693
17131,.97603881
17133,.98321104
17135,.96032023
17137,.92049587
17139,.98552489
17141,.92276639
17143,.79832953
17145,.88770396
17147,.98321629
17149,.96935934
17151,.92904449
17153,.66314507
17155,.95586646
17157,.91453761
17159,.97647566
17161,.81343347
17163,.70503283
17165,.93787026
17167,.87536788
17169,.98594093
17171,.99277985
17173,.9864167
17175,.98121184
17177,.88883096
17179,.96729034
17181,.95133978
17183,.84796417
17185,.97426128
17187,.94236237
17189,.98020649
17191,.98263508
17193,.97807825
17195,.89033657
17197,.79461676
17199,.94643402
17201,.8057878
17203,.97994709
18001,.95927382
18003,.82911927
18005,.93003148
18007,.96059918
18009,.98047203
18011,.97217095
18013,.9763819
18015,.96348345
18017,.90325856
18019,.89870614
18021,.98045427
18023,.91722172
18025,.97905123
18027,.96741176
18029,.97737056
18031,.9809472
18033,.96845192
18035,.90324229
18037,.96488845
18039,.84450811
18041,.96885961
18043,.92938423
18045,.98023808
18047,.98704034
18049,.95009112
18051,.96047682
18053,.88450402
18055,.98071575
18057,.93443257
18059,.97754747
18061,.97640729
18063,.95736796
18065,.97560668
18067,.8913998
18069,.97587055
18071,.95213962
18073,.96347749
18075,.96906275
18077,.95675993
18079,.97086746
18081,.96366924
18083,.95921373
18085,.92813182
18087,.95797092
18089,.65668321
18091,.85900259
18093,.97364068
18095,.89066094
18097,.71353006
18099,.92704165
18101,.98612183
18103,.92501271
18105,.89678365
18107,.96349198
18109,.9806208
18111,.95757514
18113,.91297215
18115,.98409903
18117,.97614813
18119,.97720379
18121,.95898789
18123,.96979439
18125,.98682374
18127,.92320031
18129,.97760046
18131,.96645969
18133,.94127631
18135,.97458786
18137,.97898078
18139,.97442406
18141,.81868529
18143,.98173308
18145,.96700418
18147,.97054499
18149,.96307653
18151,.96058035
18153,.93734354
18155,.98258507
18157,.87168968
18159,.97652054
18161,.98470521
18163,.89499879
18165,.98005676
18167,.89991885
18169,.96698284
18171,.98799843
18173,.96838909
18175,.98254389
18177,.91720492
18179,.97374707
18181,.93424386
18183,.97810334
19001,.98440111
19003,.98482668
19005,.95345759
19007,.9753325
19009,.98722297
19011,.98371202
19013,.88120461
19015,.98107332
19017,.97868574
19019,.97986454
19021,.81089216
19023,.98581797
19025,.97786021
19027,.9858138
19029,.98449087
19031,.97887087
19033,.94677639
19035,.97758561
19037,.98535764
19039,.94627446
19041,.97254986
19043,.98432404
19045,.95174778
19047,.88385326
19049,.93354559
19051,.9802776
19053,.95468152
19055,.98771542
19057,.92908394
19059,.98418152
19061,.96564746
19063,.94480294
19065,.96905923
19067,.97409576
19069,.9331463
19071,.96819335
19073,.97380829
19075,.98610193
19077,.98022455
19079,.96043044
19081,.96722239
19083,.96173406
19085,.98199117
19087,.9418925
19089,.98632234
19091,.98102695
19093,.98728377
19095,.98200446
19097,.98526233
19099,.96933329
19101,.94942802
19103,.89184135
19105,.96175236
19107,.98772043
19109,.98269928
19111,.92903656
19113,.93487322
19115,.86171973
19117,.98043454
19119,.98924547
19121,.98178971
19123,.96714479
19125,.96979016
19127,.87887841
19129,.97149736
19131,.98875511
19133,.97883004
19135,.98087066
19137,.9761467
19139,.8560136
19141,.96800756
19143,.97240251
19145,.9498983
19147,.98106033
19149,.97443157
19151,.98021144
19153,.87618655
19155,.94408846
19157,.96147972
19159,.9885295
19161,.98023713
19163,.86951363
19165,.98210406
19167,.96105343
19169,.89078939
19171,.88950968
19173,.95244402
19175,.97846824
19177,.980766
19179,.95229042
19181,.97460991
19183,.96012777
19185,.98271865
19187,.92235577
19189,.96360445
19191,.9739638
19193,.8405301
19195,.97261173
19197,.94150585
20001,.93918145
20003,.96879989
20005,.90136969
20007,.96190715
20009,.88732702
20011,.93294364
20013,.85964125
20015,.93566161
20017,.96039605
20019,.93002981
20021,.91581988
20023,.964297
20025,.94058579
20027,.97222281
20029,.97945976
20031,.96285647
20033,.9689883
20035,.88359153
20037,.92302084
20039,.97470999
20041,.95140433
20043,.94262284
20045,.852184
20047,.88964766
20049,.94480222
20051,.95083529
20053,.91165966
20055,.52889055
20057,.57597351
20059,.93565983
20061,.6192981
20063,.97411823
20065,.94694132
20067,.63189989
20069,.88618594
20071,.87222946
20073,.95792258
20075,.77116102
20077,.96741825
20079,.87859178
20081,.74019039
20083,.9553957
20085,.8944841
20087,.95943958
20089,.98220688
20091,.89542502
20093,.71132201
20095,.9644627
20097,.96247715
20099,.88028705
20101,.97030163
20103,.83568954
20105,.97568476
20107,.96857136
20109,.96224558
20111,.7816326
20113,.95688379
20115,.96055508
20117,.97733653
20119,.86880094
20121,.9516421
20123,.97104675
20125,.85073835
20127,.96179688
20129,.82694507
20131,.97894663
20133,.93406349
20135,.97512966
20137,.92138416
20139,.96382362
20141,.98337823
20143,.96880615
20145,.88465047
20147,.97766531
20149,.94802064
20151,.94224536
20153,.97977072
20155,.89377546
20157,.97978503
20159,.91258699
20161,.82612306
20163,.96564442
20165,.97718942
20167,.96945494
20169,.87244034
20171,.92695314
20173,.77618045
20175,.49512622
20177,.80152285
20179,.97882241
20181,.899988
20183,.98400861
20185,.92915654
20187,.73981714
20189,.75440848
20191,.92760873
20193,.96341705
20195,.9731847
20197,.96216053
20199,.92795885
20201,.98411518
20203,.79968393
20205,.95885003
20207,.96231115
20209,.53565192
21001,.95417798
21003,.9716081
21005,.95798415
21007,.94938594
21009,.93744218
21011,.9659673
21013,.95595855
21015,.94209957
21017,.89569086
21019,.95124167
21021,.87107199
21023,.98184335
21025,.98128945
21027,.95395148
21029,.97720593
21031,.97489446
21033,.93611491
21035,.92320889
21037,.96248472
21039,.97263873
21041,.93372655
21043,.98536134
21045,.97479808
21047,.69821262
21049,.93293816
21051,.92859453
21053,.98094064
21055,.97958612
21057,.95106739
21059,.93228179
21061,.97937948
21063,.98627824
21065,.98663843
21067,.78800428
21069,.96810597
21071,.97384959
21073,.87598711
21075,.74761778
21077,.96099108
21079,.95258904
21081,.97672766
21083,.91812104
21085,.97701526
21087,.95634919
21089,.97660756
21091,.97394389
21093,.81973153
21095,.95050126
21097,.95148528
21099,.92087144
21101,.90722227
21103,.9303931
21105,.87685293
21107,.91751105
21109,.98703063
21111,.77710658
21113,.93594515
21115,.98178416
21117,.93852144
21119,.97744751
21121,.97416991
21123,.93956888
21125,.97249651
21127,.98585105
21129,.94691533
21131,.98636353
21133,.98318326
21135,.98562181
21137,.95612288
21139,.97997248
21141,.9005658
21143,.91764164
21145,.87073904
21147,.97498852
21149,.98094583
21151,.92451024
21153,.98944193
21155,.88798636
21157,.98074055
21159,.98695308
21161,.90826982
21163,.92113054
21165,.96950036
21167,.93497723
21169,.96902215
21171,.95087832
21173,.94301409
21175,.94058418
21177,.93736923
21179,.92071444
21181,.97993356
21183,.97160244
21185,.93068653
21187,.9656263
21189,.98500735
21191,.98081285
21193,.96806026
21195,.97818619
21197,.97965735
21199,.9690901
21201,.98543692
21203,.98322093
21205,.95336401
21207,.97696817
21209,.91470188
21211,.85222095
21213,.87289494
21215,.96751398
21217,.93074811
21219,.88830447
21221,.87534028
21223,.97208327
21225,.84219539
21227,.86444485
21229,.89591163
21231,.961456
21233,.92911273
21235,.97759861
21237,.98811758
21239,.90313721
22001,.81105417
22003,.68724656
22005,.77089781
22007,.67527056
22009,.68545234
22011,.83668423
22013,.55075103
22015,.74946541
22017,.54983789
22019,.74526459
22021,.79559869
22023,.93484294
22025,.70949328
22027,.51951253
22029,.60834163
22031,.5721361
22033,.56820714
22035,.32781702
22037,.51616091
22039,.70932668
22041,.67294919
22043,.87032878
22045,.66299677
22047,.4858028
22049,.71708143
22051,.65996134
22053,.8064025
22055,.73916483
22057,.82738107
22059,.85626245
22061,.58570451
22063,.93908
22065,.39077997
22067,.5722208
22069,.57832408
22071,.32523957
22073,.66365147
22075,.74099946
22077,.61223578
22079,.675574
22081,.58572549
22083,.61681509
22085,.71639752
22087,.84289116
22089,.69707572
22091,.4575254
22093,.5155986
22095,.50509626
22097,.58466983
22099,.66479373
22101,.63127863
22103,.85731608
22105,.70183671
22107,.42666894
22109,.74084026
22111,.70007676
22113,.82873076
22115,.72962773
22117,.6862185
22119,.66274709
22121,.63006186
22123,.79674798
22125,.53162962
22127,.66035736
23001,.96411496
23003,.9641397
23005,.95278299
23007,.97575957
23009,.97222602
23011,.96996516
23013,.97895396
23015,.98134494
23017,.97860277
23019,.96214896
23021,.97481936
23023,.95983392
23025,.97675294
23027,.97525793
23029,.92989397
23031,.97131771
24001,.91884428
24003,.7934429
24005,.73115528
24009,.83040017
24011,.80850625
24013,.95035505
24015,.92506999
24017,.67916614
24019,.6791122
24021,.87945616
24023,.98431218
24025,.86326653
24027,.73298669
24029,.78502017
24031,.59729153
24033,.25046876
24035,.87930566
24037,.80156523
24039,.52962601
24041,.8163144
24043,.90075797
24045,.71975321
24047,.81294632
24510,.33386105
25001,.93404132
25003,.94171256
25005,.89415246
25007,.89882505
25009,.82949883
25011,.94422215
25013,.74665505
25015,.88901937
25017,.83567905
25019,.87531066
25021,.87918764
25023,.88010091
25025,.52764255
25027,.8681426
26001,.97435284
26003,.87133819
26005,.91292995
26007,.97811759
26009,.96177793
26011,.94571018
26013,.78237951
26015,.96542442
26017,.92770374
26019,.9548077
26021,.78984147
26023,.91747409
26025,.83020324
26027,.88539928
26029,.95838594
26031,.94385415
26033,.75310129
26035,.96670294
26037,.94678438
26039,.95822591
26041,.95515954
26043,.97540712
26045,.88949162
26047,.93802506
26049,.7772758
26051,.97056937
26053,.92513818
26055,.95601171
26057,.89456487
26059,.96797031
26061,.95021755
26063,.96801102
26065,.77648151
26067,.90357792
26069,.96267658
26071,.96019906
26073,.90233064
26075,.8768881
26077,.8427667
26079,.96923786
26081,.81827742
26083,.94611037
26085,.84155887
26087,.94619197
26089,.92099559
26091,.89529532
26093,.96325928
26095,.82389426
26097,.79707581
26099,.91711283
26101,.92635036
26103,.94753534
26105,.94039977
26107,.91876972
26109,.95741749
26111,.94538397
26113,.96921778
26115,.94238448
26117,.93534935
26119,.97856176
26121,.80540526
26123,.92940462
26125,.82277137
26127,.85771388
26129,.96558338
26131,.96789479
26133,.96831244
26135,.97289258
26137,.97014159
26139,.88716817
26141,.97698456
26143,.97321641
26145,.75233048
26147,.93705451
26149,.9130435
26151,.95416868
26153,.88238895
26155,.96280384
26157,.94747066
26159,.85001969
26161,.76608193
26163,.55697095
26165,.96685183
27001,.96056944
27003,.9298802
27005,.8925643
27007,.76217043
27009,.95984727
27011,.98279268
27013,.93963188
27015,.96939063
27017,.91184574
27019,.94205409
27021,.86888701
27023,.95945227
27025,.96484441
27027,.92313141
27029,.89110786
27031,.8907584
27033,.94565171
27035,.97309542
27037,.9029218
27039,.95866847
27041,.98152113
27043,.95183223
27045,.98568499
27047,.92124265
27049,.96097755
27051,.9811421
27053,.7945143
27055,.98063409
27057,.95859295
27059,.97109818
27061,.94292861
27063,.96155483
27065,.96632957
27067,.90242767
27069,.97324502
27071,.95716184
27073,.987176
27075,.9770515
27077,.96661878
27079,.94988507
27081,.98425496
27083,.91711611
27085,.94931495
27087,.62946779
27089,.96090639
27091,.96792978
27093,.96750778
27095,.93219572
27097,.98074269
27099,.92888039
27101,.97472209
27103,.95383137
27105,.81227279
27107,.93567938
27109,.896254
27111,.96537393
27113,.96396649
27115,.93112618
27117,.96364671
27119,.92466289
27121,.98599094
27123,.75586677
27125,.97337365
27127,.94405639
27129,.93736303
27131,.90574175
27133,.96639156
27135,.95518291
27137,.9443931
27139,.92517155
27141,.96346033
27143,.93425411
27145,.95267165
27147,.93358046
27149,.95652801
27151,.91901028
27153,.96560776
27155,.95505065
27157,.96995914
27159,.97245717
27161,.9315514
27163,.92483699
27165,.82670951
27167,.96832395
27169,.9502961
27171,.97209388
27173,.95260561
28001,.47970098
28003,.87167096
28005,.55829179
28007,.58175009
28009,.62233728
28011,.34399742
28013,.69318277
28015,.62129349
28017,.56094939
28019,.67883188
28021,.15481
28023,.64835078
28025,.42635143
28027,.30568489
28029,.48921028
28031,.64331555
28033,.84909546
28035,.64473659
28037,.63022619
28039,.88639987
28041,.71872473
28043,.59595472
28045,.90132278
28047,.73610407
28049,.40711874
28051,.2022177
28053,.26713783
28055,.36147758
28057,.92219204
28059,.76597923
28061,.47177291
28063,.13255039
28065,.41416296
28067,.71423066
28069,.38963076
28071,.716479
28073,.85405582
28075,.61319792
28077,.6711536
28079,.55812079
28081,.74097145
28083,.30658656
28085,.70128644
28087,.57063377
28089,.61136127
28091,.66986674
28093,.48693636
28095,.68986714
28097,.53709328
28099,.64699918
28101,.64486915
28103,.29240918
28105,.58087343
28107,.50779718
28109,.8525089
28111,.75995362
28113,.51831752
28115,.83539927
28117,.8539142
28119,.30643639
28121,.79919624
28123,.55288261
28125,.2928929
28127,.64098263
28129,.75828773
28131,.79419786
28133,.28908238
28135,.37766352
28137,.6737175
28139,.81261861
28141,.94285297
28143,.26459357
28145,.82871234
28147,.5404802
28149,.56451738
28151,.36006624
28153,.61793822
28155,.77278864
28157,.31123137
28159,.54712594
28161,.59955317
28163,.40678805
29001,.95082659
29003,.97810376
29005,.96679032
29007,.90454739
29009,.92526633
29011,.96318156
29013,.96787184
29015,.97230619
29017,.97400683
29019,.8440271
29021,.91120344
29023,.91877854
29025,.9794513
29027,.91501915
29029,.9704119
29031,.91710073
29033,.96400106
29035,.95752662
29037,.9428367
29039,.96026081
29041,.95591241
29043,.96510631
29045,.98356098
29047,.90836102
29049,.95918268
29051,.89204657
29053,.89365309
29055,.97703689
29057,.96804529
29059,.96839404
29061,.982593
29063,.87771648
29065,.96607119
29067,.96361703
29069,.87710297
29071,.97008479
29073,.98424292
29075,.97998494
29077,.93135726
29079,.96743119
29081,.97799981
29083,.96231991
29085,.97041786
29087,.98196828
29089,.9082616
29091,.95665634
29093,.96411198
29095,.70970523
29097,.9126209
29099,.96800232
29101,.89054036
29103,.98083377
29105,.96158779
29107,.94972819
29109,.94388062
29111,.95707774
29113,.95571178
29115,.97459048
29117,.9597283
29119,.84778279
29121,.9562301
29123,.97897893
29125,.96697342
29127,.92908543
29129,.98576295
29131,.97320259
29133,.78914815
29135,.91546398
29137,.94220036
29139,.95537764
29141,.96844077
29143,.83315665
29145,.92409909
29147,.96008778
29149,.93711501
29151,.9820022
29153,.96929592
29155,.71086532
29157,.97845203
29159,.90994227
29161,.92592388
29163,.87610036
29165,.89925289
29167,.96393043
29169,.75743431
29171,.98705375
29173,.97614151
29175,.89968306
29177,.95885307
29179,.95166022
29181,.96407765
29183,.93774748
29185,.96746314
29186,.97564554
29187,.95791912
29189,.76711392
29195,.87937015
29197,.97993648
29199,.98108315
29201,.87817001
29203,.9447915
29205,.97469884
29207,.96870834
29209,.96976233
29211,.89724058
29213,.94670242
29215,.95705163
29217,.96577078
29219,.94829166
29221,.950876
29223,.97282219
29225,.95445192
29227,.98698574
29229,.97127593
29510,.44402775
30001,.94423962
30003,.35360304
30005,.50584537
30007,.96146488
30009,.9629631
30011,.98455882
30013,.89736408
30015,.83759338
30017,.95996571
30019,.95736241
30021,.96968013
30023,.9460429
30025,.98343319
30027,.96658462
30029,.95442998
30031,.95515299
30033,.98827207
30035,.34008545
30037,.97888678
30039,.95265019
30041,.77623087
30043,.95252389
30045,.98153716
30047,.7040562
30049,.94382185
30051,.99073213
30053,.9514671
30055,.96256953
30057,.96014905
30059,.96790892
30061,.93640459
30063,.93122721
30065,.95968342
30067,.95478684
30069,.98174441
30071,.88785046
30073,.82535303
30075,.97039831
30077,.9152084
30079,.9766472
30081,.95565999
30083,.95365167
30085,.41470918
30087,.61410087
30089,.91189253
30091,.96422154
30093,.93726337
30095,.95934331
30097,.9606539
30099,.95671374
30101,.93199003
30103,.95586526
30105,.8757872
30107,.96370077
30109,.9775281
30111,.9120093
31001,.92409086
31003,.98527503
31005,.9572072
31007,.93894994
31009,.98799312
31011,.98752779
31013,.87657267
31015,.988105
31017,.98127657
31019,.93033826
31021,.96837801
31023,.97619539
31025,.96899104
31027,.98854971
31029,.95870209
31031,.9382565
31033,.93800735
31035,.95454121
31037,.70730144
31039,.935624
31041,.97948271
31043,.71026295
31045,.9237839
31047,.71964389
31049,.95996189
31051,.93503177
31053,.94339246
31055,.80085188
31057,.94720769
31059,.97119862
31061,.98685068
31063,.97967088
31065,.97614574
31067,.97262555
31069,.97294939
31071,.98159832
31073,.98040128
31075,.98259705
31077,.97899777
31079,.83680171
31081,.97925216
31083,.98494452
31085,.96441948
31087,.97428477
31089,.98458964
31091,.97828865
31093,.98037088
31095,.97663027
31097,.92037594
31099,.96772021
31101,.94490874
31103,.95727366
31105,.94546342
31107,.91191852
31109,.89332926
31111,.92721868
31113,.97674417
31115,.9775281
31117,.97185743
31119,.8862763
31121,.97200441
31123,.88602942
31125,.97919762
31127,.97118121
31129,.98457366
31131,.96304303
31133,.98542273
31135,.96562499
31137,.96572125
31139,.98175615
31141,.91777313
31143,.98302805
31145,.96258342
31147,.95089388
31149,.98804098
31151,.89561802
31153,.88755888
31155,.97878432
31157,.79539406
31159,.97447097
31161,.8762247
31163,.98040986
31165,.9654237
31167,.95871335
31169,.98161358
31171,.98765433
31173,.45058489
31175,.97476929
31177,.97526908
31179,.96154046
31181,.97794545
31183,.99097067
31185,.96188581
32001,.80726457
32003,.65095478
32005,.8822574
32007,.73307914
32009,.80432546
32011,.84918231
32013,.74448788
32015,.7568174
32017,.89147639
32019,.8433556
32021,.70849264
32023,.84991121
32027,.69669807
32029,.89967638
32031,.75342327
32033,.80649662
32510,.78354955
33001,.97144186
33003,.97868097
33005,.97277552
33007,.97642195
33009,.95129216
33011,.92457592
33013,.96444577
33015,.96109271
33017,.95661533
33019,.97599196
34001,.64521772
34003,.72148728
34005,.77286327
34007,.67998093
34009,.89671129
34011,.58413661
34013,.3858946
34015,.85782766
34017,.36473742
34019,.92219418
34021,.65237838
34023,.61852795
34025,.80537516
34027,.82269812
34029,.88349235
34031,.52313107
34033,.80030549
34035,.74025983
34037,.93423498
34039,.54087412
34041,.9233318
35001,.46680337
35003,.75839686
35005,.52352095
35006,.25340798
35007,.50002468
35009,.58535975
35011,.62812501
35013,.33969006
35015,.57734883
35017,.49251449
35019,.15470086
35021,.52839506
35023,.42673755
35025,.53889287
35027,.70780593
35028,.821365
35029,.39350122
35031,.12365004
35033,.16930503
35035,.55768812
35037,.58637202
35039,.13270363
35041,.6293788
35043,.53127724
35045,.48336554
35047,.18867867
35049,.44931501
35051,.70472342
35053,.37678909
35055,.33541253
35057,.57105595
35059,.6272161
35061,.39680204
36001,.81778431
36003,.96560961
36005,.14096652
36007,.90170974
36009,.94114596
36011,.924142
36013,.92040467
36015,.9037987
36017,.96937239
36019,.9245168
36021,.91333854
36023,.96136457
36025,.9493252
36027,.81138164
36029,.82461262
36031,.93671817
36033,.82281357
36035,.95094579
36037,.94276202
36039,.87476373
36041,.97120428
36043,.97269362
36045,.86990184
36047,.34931022
36049,.97806025
36051,.92948818
36053,.95794672
36055,.78037578
36057,.90635043
36059,.73589164
36061,.46795264
36063,.90723449
36065,.88412392
36067,.84359175
36069,.94192034
36071,.78251225
36073,.88233733
36075,.96484107
36077,.94516629
36079,.89741307
36081,.32691488
36083,.90389413
36085,.70589852
36087,.71283281
36089,.93832064
36091,.95217109
36093,.859914
36095,.95324987
36097,.95845956
36099,.93667245
36101,.95864695
36103,.78061688
36105,.8044517
36107,.96908253
36109,.8356275
36111,.85389203
36113,.967857
36115,.94262195
36117,.92651957
36119,.6414268
36121,.90319961
36123,.97416484
37001,.73365331
37003,.91019166
37005,.93007201
37007,.50552922
37009,.96131647
37011,.92588496
37013,.67625982
37015,.36214033
37017,.56753659
37019,.80433655
37021,.87714356
37023,.85168946
37025,.82848543
37027,.91356367
37029,.80116189
37031,.8930372
37033,.60700196
37035,.82935816
37037,.72559381
37039,.94215935
37041,.60293597
37043,.97267175
37045,.76967984
37047,.63223034
37049,.69299412
37051,.53690946
37053,.89370829
37055,.93464524
37057,.86642969
37059,.88707054
37061,.55449599
37063,.50490594
37065,.40721312
37067,.67392558
37069,.66548097
37071,.8224197
37073,.58231008
37075,.9161877
37077,.61260617
37079,.50118864
37081,.64860183
37083,.42708734
37085,.69483602
37087,.96026444
37089,.90079159
37091,.36805072
37093,.43572152
37095,.61620325
37097,.82852763
37099,.85139084
37101,.76388794
37103,.60561615
37105,.6713379
37107,.57451731
37109,.87422478
37111,.91036659
37113,.96093535
37115,.96758825
37117,.53094643
37119,.64411306
37121,.96945852
37123,.65922076
37125,.78775042
37127,.62562853
37129,.80500668
37131,.39264566
37133,.70817345
37135,.75837028
37137,.72880375
37139,.57568228
37141,.73009068
37143,.70484996
37145,.68711573
37147,.62562907
37149,.90220743
37151,.86254013
37153,.63438183
37155,.30772597
37157,.76877558
37159,.78795624
37161,.86020064
37163,.57181662
37165,.51691806
37167,.84042233
37169,.92623174
37171,.88068795
37173,.65776336
37175,.93041974
37177,.5550735
37179,.83110136
37181,.47511965
37183,.70449775
37185,.38665801
37187,.47676376
37189,.95348084
37191,.61912245
37193,.9156509
37195,.57664186
37197,.89267725
37199,.95863801
38001,.98341691
38003,.97509503
38005,.46324328
38007,.98423421
38009,.96954489
38011,.98551488
38013,.99018735
38015,.94698995
38017,.94849443
38019,.97731984
38021,.96986365
38023,.98598337
38025,.86138886
38027,.96082699
38029,.98291385
38031,.98882681
38033,.97193348
38035,.92409515
38037,.96656108
38039,.99092227
38041,.98716581
38043,.98910278
38045,.98872155
38047,.98570192
38049,.98480415
38051,.98200589
38053,.76068348
38055,.92087811
38057,.95794404
38059,.95272362
38061,.67693871
38063,.98546433
38065,.97094429
38067,.93853384
38069,.98049647
38071,.91923016
38073,.97606945
38075,.97126436
38077,.96350598
38079,.24026594
38081,.979873
38083,.9894737
38085,.13818114
38087,.99608868
38089,.9680925
38091,.98317093
38093,.96870166
38095,.97253132
38097,.96319121
38099,.92216468
38101,.92141229
38103,.98860562
38105,.92428064
39001,.97354966
39003,.84916574
39005,.97190773
39007,.93163162
39009,.9269439
39011,.97735554
39013,.9451161
39015,.97804058
39017,.90673
39019,.97785819
39021,.95355242
39023,.88111728
39025,.96582222
39027,.95542371
39029,.95590651
39031,.97036362
39033,.97491926
39035,.69077796
39037,.97655421
39039,.89864439
39041,.93630183
39043,.87887371
39045,.94436884
39047,.95013583
39049,.75893271
39051,.92694283
39053,.94883347
39055,.96940958
39057,.88518745
39059,.95930117
39061,.74054575
39063,.93675846
39065,.97030646
39067,.96238863
39069,.930098
39071,.9665603
39073,.97128433
39075,.98468149
39077,.94321507
39079,.97528523
39081,.91942197
39083,.97265774
39085,.94379103
39087,.96121573
39089,.95148844
39091,.95696628
39093,.84088957
39095,.77059132
39097,.93164843
39099,.82026803
39101,.90075779
39103,.96580046
39105,.97385073
39107,.9779954
39109,.95268697
39111,.9844507
39113,.78254128
39115,.93481046
39117,.97964829
39119,.93726903
39121,.91965801
39123,.9468751
39125,.94689977
39127,.98219043
39129,.91768456
39131,.96276104
39133,.93918145
39135,.9820202
39137,.94931304
39139,.88469148
39141,.91196436
39143,.89271301
39145,.94550568
39147,.93513495
39149,.95537072
39151,.90270811
39153,.84250116
39155,.90470213
39157,.97452164
39159,.94846749
39161,.9672097
39163,.97767884
39165,.93885177
39167,.96904558
39169,.96132636
39171,.9521336
39173,.93279916
39175,.9733907
40001,.47590283
40003,.88247538
40005,.75811517
40007,.86534935
40009,.84783942
40011,.72761554
40013,.79295558
40015,.64450687
40017,.85511631
40019,.77228284
40021,.55176294
40023,.67853874
40025,.80679977
40027,.81650937
40029,.74467635
40031,.62924421
40033,.82788885
40035,.68094045
40037,.81408858
40039,.79422766
40041,.70168912
40043,.90736765
40045,.94768608
40047,.86893582
40049,.83441734
40051,.86550754
40053,.94295233
40055,.78585422
40057,.65823942
40059,.92996669
40061,.77466494
40063,.71421087
40065,.7163049
40067,.83732831
40069,.75385511
40071,.82477599
40073,.86252403
40075,.80535376
40077,.72411251
40079,.78330058
40081,.85746086
40083,.81691611
40085,.81332529
40087,.85790282
40089,.69547468
40091,.7220515
40093,.93574935
40095,.76823747
40097,.71511674
40099,.79196692
40101,.63111365
40103,.85552031
40105,.71910727
40107,.64881009
40109,.68445784
40111,.69097507
40113,.66263676
40115,.7297039
40117,.81746465
40119,.8351168
40121,.7641803
40123,.74933428
40125,.79017711
40127,.77106887
40129,.90221184
40131,.79584408
40133,.70262134
40135,.6746918
40137,.86470616
40139,.66252482
40141,.68691748
40143,.73712742
40145,.79325223
40147,.8004815
40149,.90312606
40151,.9182449
40153,.90230048
41001,.94587159
41003,.86940104
41005,.8898735
41007,.90992433
41009,.93095201
41011,.90118241
41013,.9150278
41015,.90860832
41017,.92956525
41019,.91930908
41021,.96031332
41023,.94592798
41025,.89783758
41027,.70814788
41029,.88847446
41031,.64873439
41033,.91447145
41035,.84183061
41037,.89266503
41039,.88650024
41041,.88281924
41043,.91202617
41045,.68814284
41047,.76426148
41049,.71139777
41051,.767492
41053,.85632491
41055,.92140639
41057,.91021883
41059,.76816773
41061,.93047619
41063,.95746261
41065,.83936965
41067,.77826899
41069,.92501616
41071,.8469916
42001,.93895358
42003,.85183197
42005,.98066771
42007,.92722917
42009,.98219597
42011,.85171932
42013,.97370505
42015,.97543776
42017,.91324252
42019,.97397077
42021,.95331746
42023,.98477519
42025,.96328568
42027,.90529132
42029,.8708235
42031,.97900093
42033,.97108626
42035,.97882664
42037,.96915287
42039,.96541703
42041,.93699461
42043,.76372075
42045,.80097997
42047,.98678136
42049,.89993131
42051,.95171422
42053,.94235557
42055,.94433063
42057,.98024923
42059,.94366485
42061,.92889369
42063,.96634614
42065,.98668897
42067,.97276014
42069,.9587515
42071,.89551032
42073,.95006728
42075,.92539811
42077,.83352256
42079,.95933074
42081,.9367795
42083,.95723134
42085,.93231308
42087,.98210633
42089,.84239942
42091,.85356891
42093,.96298695
42095,.88531828
42097,.96540397
42099,.98100203
42101,.43893901
42103,.89243871
42105,.97670776
42107,.96761835
42109,.97358
42111,.97516328
42113,.95123005
42115,.98088884
42117,.97767854
42119,.87540007
42121,.97350669
42123,.98438042
42125,.95041728
42127,.95335662
42129,.96387672
42131,.97823328
42133,.9178859
44001,.96044141
44003,.94639039
44005,.90318173
44007,.73702133
44009,.93870431
45001,.68471193
45003,.7101512
45005,.26793969
45007,.82096183
45009,.36456978
45011,.55542082
45013,.69873857
45015,.66312492
45017,.49954173
45019,.62224591
45021,.76590931
45023,.60897052
45025,.63844645
45027,.46044901
45029,.55559582
45031,.57467556
45033,.49836546
45035,.71647692
45037,.56079865
45039,.39374512
45041,.59919184
45043,.61877185
45045,.77314478
45047,.65152031
45049,.41663367
45051,.80103439
45053,.40426233
45055,.71721679
45057,.73790014
45059,.71229368
45061,.3456187
45063,.84341097
45065,.44509476
45067,.41149727
45069,.44131786
45071,.62252682
45073,.88060707
45075,.3719267
45077,.89241159
45079,.51848203
45081,.62110192
45083,.75644821
45085,.49983266
45087,.6762132
45089,.32489619
45091,.78795391
46003,.95094836
46005,.96352601
46007,.40559104
46009,.95127481
46011,.95827043
46013,.95090735
46015,.89796603
46017,.16338582
46019,.94022334
46021,.99102134
46023,.6847353
46025,.985035
46027,.92290437
46029,.96425337
46031,.35635948
46033,.93601102
46035,.95952058
46037,.91303933
46039,.97937787
46041,.2320015
46043,.97860032
46045,.98841739
46047,.89414942
46049,.99242425
46051,.98489803
46053,.92543828
46055,.958561
46057,.97996205
46059,.99132675
46061,.99458426
46063,.96600145
46065,.88629526
46067,.98423576
46069,.90903652
46071,.46659067
46073,.98692811
46075,.95641243
46077,.98077583
46079,.97380435
46081,.94656235
46083,.97008026
46085,.59971821
46087,.98274815
46089,.99173552
46091,.92242134
46093,.93033284
46095,.44455114
46097,.98231626
46099,.92593366
46101,.84398443
46102,.044512887
46103,.85759246
46105,.9649123
46107,.98031932
46109,.6755169
46111,.9798131
46115,.97310007
46117,.92893219
46119,.97429305
46121,.12620363
46123,.87005591
46125,.98585874
46127,.95661235
46129,.85625255
46135,.9400416
46137,.26359665
47001,.92442161
47003,.82454389
47005,.95793772
47007,.93604565
47009,.94255167
47011,.92148238
47013,.97650319
47015,.96140438
47017,.86972374
47019,.96922618
47021,.96095502
47023,.87582999
47025,.9731518
47027,.96088278
47029,.95569479
47031,.92491269
47033,.79382735
47035,.97462928
47037,.66352892
47039,.93380237
47041,.93767428
47043,.92730224
47045,.85665041
47047,.64154589
47049,.98777103
47051,.91301477
47053,.80550814
47055,.85812986
47057,.97716391
47059,.96013725
47061,.97768009
47063,.88462347
47065,.76977718
47067,.97631884
47069,.575629
47071,.94204396
47073,.96725595
47075,.46253428
47077,.90089893
47079,.88904864
47081,.93143749
47083,.94151449
47085,.95017827
47087,.98001432
47089,.95245796
47091,.95717186
47093,.88120121
47095,.66391158
47097,.62912822
47099,.96327692
47101,.96226805
47103,.89922792
47105,.95317531
47107,.92028797
47109,.91695189
47111,.97058469
47113,.67060977
47115,.93955147
47117,.88476473
47119,.81900835
47121,.97317529
47123,.94188654
47125,.71277517
47127,.95732969
47129,.96088475
47131,.87270302
47133,.98173571
47135,.96130419
47137,.98483318
47139,.97774851
47141,.93259674
47143,.94645029
47145,.94860983
47147,.88539565
47149,.85214484
47151,.98085856
47153,.98002177
47155,.96578169
47157,.51687431
47159,.94936419
47161,.94576967
47163,.96132571
47165,.911524
47167,.78047997
47169,.86379606
47171,.97126591
47173,.97857922
47175,.98710626
47177,.90619326
47179,.93155265
47181,.91362703
47183,.89460289
47185,.96114695
47187,.90327311
47189,.91034877
48001,.65104657
48003,.56379336
48005,.7030285
48007,.73411167
48009,.9333933
48011,.9348231
48013,.39585814
48015,.71947932
48017,.50303304
48019,.83920163
48021,.65298533
48023,.85780603
48025,.34849623
48027,.57062221
48029,.39181882
48031,.82198781
48033,.8559671
48035,.84430718
48037,.71573043
48039,.64932734
48041,.68166184
48043,.54181892
48045,.73687148
48047,.07914117
48049,.79285151
48051,.68886673
48053,.82249832
48055,.50267708
48057,.5235365
48059,.91633219
48061,.14799601
48063,.65497142
48065,.90505236
48067,.77506572
48069,.45228302
48071,.79395545
48073,.70038855
48075,.64569008
48077,.93704814
48079,.4997319
48081,.79688609
48083,.82394785
48085,.78413665
48087,.71397382
48089,.65304226
48091,.7686131
48093,.77501893
48095,.57110441
48097,.85177946
48099,.61326814
48101,.7079832
48103,.52127129
48105,.4371798
48107,.46888968
48109,.24638656
48111,.6800124
48113,.45768929
48115,.42180336
48117,.40123513
48119,.86965263
48121,.77447599
48123,.61038876
48125,.6723389
48127,.13254696
48129,.87884641
48131,.10547446
48133,.85856533
48135,.51675159
48137,.5370028
48139,.73325115
48141,.17309819
48143,.83249879
48145,.57029742
48147,.84308177
48149,.79449469
48151,.74968725
48153,.49906594
48155,.78729963
48157,.50686586
48159,.8573581
48161,.74472409
48163,.19823278
48165,.63099712
48167,.65469837
48169,.56650245
48171,.828807
48173,.67923188
48175,.59391659
48177,.5171603
48179,.78233099
48181,.84120864
48183,.69312966
48185,.64595228
48187,.62990606
48189,.45360562
48191,.63379163
48193,.91070306
48195,.6716435
48197,.78979677
48199,.89858848
48201,.45157313
48203,.70244497
48205,.77117574
48207,.7553885
48209,.61542845
48211,.81229484
48213,.84611428
48215,.10467849
48217,.78559953
48219,.57787108
48221,.90423471
48223,.81257564
48225,.64105988
48227,.55570871
48229,.23026316
48231,.80516887
48233,.80194962
48235,.74590629
48237,.85135341
48239,.66729695
48241,.7712974
48243,.62347078
48245,.53552598
48247,.089751028
48249,.23365384
48251,.83590961
48253,.56376398
48255,.41438627
48257,.7790255
48259,.81300163
48261,.20289855
48263,.90454018
48265,.77650946
48267,.7832492
48269,.88483149
48271,.46966559
48273,.28854021
48275,.66764051
48277,.81536508
48279,.51582497
48281,.79912484
48283,.18990794
48285,.81063318
48287,.69031405
48289,.80602103
48291,.74754375
48293,.66318762
48295,.75775188
48297,.593247
48299,.9316988
48301,.89552242
48303,.64264828
48305,.51540881
48307,.70752937
48309,.66416991
48311,.65334898
48313,.62444431
48315,.71270096
48317,.56721586
48319,.7897045
48321,.52675456
48323,.036549307
48325,.5106706
48327,.66398305
48329,.62118161
48331,.69510734
48333,.84544927
48335,.55435967
48337,.92802393
48339,.82144815
48341,.49112815
48343,.70613688
48345,.82187939
48347,.70650494
48349,.65759474
48351,.73955154
48353,.67441785
48355,.39626896
48357,.65523458
48359,.84759724
48361,.87078416
48363,.82575232
48365,.77597153
48367,.89593035
48369,.48606476
48371,.33240527
48373,.74683374
48375,.57909477
48377,.14140239
48379,.89501774
48381,.85398275
48383,.46452194
48385,.75680995
48387,.76718152
48389,.28314337
48391,.47271895
48393,.95828635
48395,.62535632
48397,.83073258
48399,.6808387
48401,.71158314
48403,.87061661
48405,.69791424
48407,.80917734
48409,.46693549
48411,.75020409
48413,.54344124
48415,.65006793
48417,.91278011
48419,.70458925
48421,.71029502
48423,.69130152
48425,.84892678
48427,.019862361
48429,.81439072
48431,.68557072
48433,.83402246
48435,.47436839
48437,.57946271
48439,.64658129
48441,.7386272
48443,.4893617
48445,.50992936
48447,.89459461
48449,.6072064
48451,.63921607
48453,.5794422
48455,.82947141
48457,.82205957
48459,.84432101
48461,.54018396
48463,.33573899
48465,.2324398
48467,.88604373
48469,.5359115
48471,.60193455
48473,.51472157
48475,.52316403
48477,.70781654
48479,.053053912
48481,.53259188
48483,.83167917
48485,.73895681
48487,.69172257
48489,.11769381
48491,.74974257
48493,.62095857
48495,.53373688
48497,.86203742
48499,.87040854
48501,.51826346
48503,.86820453
48505,.14651686
48507,.080539823
49001,.91457754
49003,.9076274
49005,.90089035
49007,.86544222
49009,.92616719
49011,.90073323
49013,.88680995
49015,.92560911
49017,.93770576
49019,.89460093
49021,.91301936
49023,.95149618
49025,.94737077
49027,.89957112
49029,.97344333
49031,.93310106
49033,.97297299
49035,.815184
49037,.42545024
49039,.90218717
49041,.94153517
49043,.90094399
49045,.87248623
49047,.86410141
49049,.90301967
49051,.93414873
49053,.91509807
49055,.96014351
49057,.8415876
50001,.96189445
50003,.9707576
50005,.97012419
50007,.94394255
50009,.9627611
50011,.95664853
50013,.97059131
50015,.96756148
50017,.97544813
50019,.966977
50021,.97659522
50023,.96105409
50025,.96043509
50027,.97119242
51001,.60500944
51003,.82818246
51005,.92927724
51007,.70257533
51009,.77274984
51011,.75702053
51013,.62173438
51015,.9449293
51017,.92016637
51019,.90211213
51021,.94631153
51023,.94621325
51025,.41500813
51027,.96332973
51029,.58727968
51031,.8310439
51033,.62292427
51035,.97218722
51036,.35844076
51037,.64585859
51041,.76245975
51043,.90318507
51045,.98664308
51047,.77224582
51049,.59745646
51051,.98590195
51053,.64179516
51057,.57589442
51059,.6404236
51061,.86848235
51063,.95709008
51065,.79430836
51067,.8860845
51069,.9380973
51071,.96885467
51073,.85537231
51075,.73025477
51077,.91937393
51079,.90271574
51081,.38592708
51083,.59807789
51085,.87894183
51087,.68142372
51089,.72655612
51091,.98856467
51093,.71420193
51095,.80846947
51097,.61015308
51099,.77059871
51101,.73314101
51103,.69084674
51105,.97947252
51107,.81176186
51109,.76163757
51111,.58461314
51113,.86246026
51115,.86864668
51117,.58863467
51119,.78285205
51121,.8935895
51125,.81526136
51127,.79479933
51131,.52487218
51133,.7166813
51135,.56873715
51137,.84533668
51139,.95731175
51141,.91008717
51143,.74604678
51145,.81732845
51147,.61435854
51149,.5960933
51153,.67501128
51155,.92208391
51157,.91811705
51159,.63757259
51161,.93236911
51163,.95096684
51165,.94415277
51167,.9564358
51169,.98265898
51171,.94228488
51173,.96380746
51175,.56143308
51177,.81407779
51179,.80034959
51181,.46429837
51183,.35997397
51185,.9582206
51187,.92062271
51191,.97040057
51193,.64633447
51195,.96335208
51197,.9547736
51199,.78442055
51510,.53762174
51520,.92078221
51530,.92754763
51540,.67420787
51550,.65797538
51570,.88104999
51580,.83799422
51590,.54689074
51595,.41616854
51600,.66626209
51610,.79720968
51620,.4649615
51630,.69423592
51640,.81197643
51650,.47546721
51660,.80557561
51670,.60328877
51678,.8500073
51680,.68505371
51683,.66559392
51685,.66198814
51690,.55539137
51700,.52516389
51710,.49726507
51720,.90887702
51730,.18768424
51735,.95530641
51740,.45381844
51750,.87648314
51760,.38610259
51770,.68913901
51775,.91441649
51790,.82920599
51800,.55674207
51810,.69172096
51820,.84473634
51830,.77650023
51840,.80085897
53001,.48251051
53003,.94571269
53005,.82523662
53007,.77407551
53009,.88013774
53011,.86914647
53013,.90674216
53015,.90086555
53017,.77682209
53019,.75054085
53021,.53375816
53023,.96120149
53025,.64351654
53027,.86732137
53029,.85656065
53031,.91061783
53033,.73749071
53035,.82658482
53037,.89381766
53039,.85149711
53041,.9073562
53043,.94504005
53045,.86838794
53047,.72003287
53049,.88248044
53051,.9230119
53053,.76905084
53055,.93693876
53057,.82659996
53059,.90541232
53061,.8351748
53063,.90087968
53065,.89330214
53067,.83490902
53069,.92730123
53071,.79140413
53073,.86365998
53075,.85649353
53077,.56990755
54001,.97055537
54003,.92384297
54005,.98147976
54007,.97633415
54009,.9749341
54011,.93141896
54013,.98562491
54015,.9785527
54017,.97975558
54019,.92339891
54021,.97110051
54023,.97879118
54025,.94712764
54027,.97705978
54029,.95833397
54031,.96554279
54033,.95872706
54035,.98571175
54037,.8967703
54039,.90292132
54041,.98136342
54043,.98546571
54045,.95945394
54047,.87548977
54049,.94531208
54051,.97880858
54053,.98051476
54055,.92578363
54057,.9584884
54059,.96088445
54061,.91393667
54063,.93203074
54065,.97694153
54067,.98530406
54069,.94429612
54071,.95815897
54073,.97963154
54075,.97984529
54077,.98349351
54079,.97607082
54081,.89030993
54083,.97258914
54085,.9830268
54087,.98045415
54089,.96162146
54091,.97650915
54093,.98664129
54095,.98954403
54097,.97797853
54099,.98389798
54101,.98837352
54103,.9856593
54105,.9826324
54107,.96940237
54109,.98131669
55001,.96678072
55003,.86197186
55005,.97153497
55007,.88304162
55009,.90368485
55011,.98210901
55013,.93016732
55015,.96366811
55017,.97563171
55019,.97503817
55021,.9625659
55023,.96728206
55025,.8802253
55027,.93771869
55029,.97380203
55031,.94934398
55033,.9572193
55035,.94479585
55037,.97896934
55039,.95070499
55041,.85380459
55043,.9780575
55045,.97686374
55047,.96657121
55049,.98439854
55051,.97843385
55053,.89044881
55055,.94169593
55057,.95862776
55059,.85550183
55061,.98203617
55063,.93867809
55065,.98648918
55067,.97353548
55069,.97375858
55071,.95112884
55073,.93736774
55075,.97666013
55077,.93576473
55078,.1153003
55079,.63324898
55081,.95711029
55083,.97428012
55085,.973432
55087,.93315935
55089,.95855051
55091,.98737425
55093,.97518438
55095,.97126555
55097,.94987458
55099,.9772948
55101,.80512953
55103,.97888058
55105,.89581001
55107,.97407168
55109,.9744013
55111,.96369106
55113,.81731206
55115,.91291928
55117,.91743201
55119,.98278826
55121,.98248106
55123,.98442596
55125,.88770902
55127,.91202378
55129,.96703529
55131,.96918768
55133,.94344437
55135,.97229147
55137,.94794124
55139,.9391737
55141,.95896536
56001,.8767634
56003,.91841018
56005,.94420266
56007,.82204092
56009,.91820914
56011,.97332329
56013,.74199337
56015,.89176267
56017,.94519186
56019,.95710045
56021,.83464175
56023,.96187913
56025,.91722757
56027,.97091818
56029,.94439465
56031,.92884564
56033,.94530606
56035,.96435815
56037,.86848271
56039,.91363388
56041,.92282677
56043,.86267811
56045,.94798326
72001,
72003,
72005,
72007,
72009,
72011,
72013,
72015,
72017,
72019,
72021,
72023,
72025,
72027,
72029,
72031,
72033,
72035,
72037,
72039,
72041,
72043,
72045,
72047,
72049,
72051,
72053,
72054,
72055,
72057,
72059,
72061,
72063,
72065,
72067,
72069,
72071,
72073,
72075,
72077,
72079,
72081,
72083,
72085,
72087,
72089,
72091,
72093,
72095,
72097,
72099,
72101,
72103,
72105,
72107,
72109,
72111,
72113,
72115,
72117,
72119,
72121,
72123,
72125,
72127,
72129,
72131,
72133,
72135,
72137,
72139,
72141,
72143,
72145,
72147,
72149,
72151,
72153,
2158,
